nome;idade;posicao;whatsapp;rg
Flavio Justino silva;;Zagueiro;;
Renato Romano;;Atacante;;
Bruno Henrique;;Lateral;;
Rogério Francischini;;Lateral;;
Felipe;;Meio Campo;;
Marcos Henrique;;Atacante;;
Demilson Zanini;;Zagueiro;;
Jean Mendes;;Atacante;;
José Airton;;Lateral;;
Lucas Marques;;Meio Campo;;
Luiz Stringhetta;;Goleiro;;
João Pedro Domingues branco;;Meio Campo;;
Rafael Gomes petreca;;Meio Campo;;
Lucas Lamas;;Zagueiro;;
Manguinha;;Meio Campo;;
Cássio;;Meio Campo;;
Carlos Alberto wach;;Meio Campo;;
Fernando Ricarte;;Atacante;;
Kléber canjerana;;Meio Campo;;
Fabio Moreira;;Goleiro;;
Pedro Bigode;;Lateral;;
Thales;;Goleiro;;
Paulo;;Zagueiro;;
Ronivalder Martins Vieira;;Lateral;;
Ceará;;Meio Campo;;
Everton Assis;;Atacante;;
Tiago Medeiros Baptista;;Atacante;;
Diego;;Meio Campo;;
